{"assets/images/2019 PNGCIR REPORT.png":["assets/images/2019 PNGCIR REPORT.png"],"assets/images/NID PROJECT Rollout.png":["assets/images/NID PROJECT Rollout.png"],"assets/images/Our Vision for the Project.png":["assets/images/Our Vision for the Project.png"],"assets/images/Partnership for Rollout in Private Sector.png":["assets/images/Partnership for Rollout in Private Sector.png"],"assets/images/admin_bg.png":["assets/images/admin_bg.png"],"assets/images/admin_bg2.png":["assets/images/admin_bg2.png"],"assets/images/admin_bg3.png":["assets/images/admin_bg3.png"],"assets/images/coastal_areas.png":["assets/images/coastal_areas.png"],"assets/images/happy_user.png":["assets/images/happy_user.png"],"assets/images/highlands_area.png":["assets/images/highlands_area.png"],"assets/images/mynid_bg.png":["assets/images/mynid_bg.png"],"assets/images/national_emblem.png":["assets/images/national_emblem.png"],"assets/images/news_postcourier1.png":["assets/images/news_postcourier1.png"],"assets/images/news_postcourier2.png":["assets/images/news_postcourier2.png"],"assets/images/news_postcourier3.png":["assets/images/news_postcourier3.png"],"assets/images/news_postcourier4.png":["assets/images/news_postcourier4.png"],"assets/images/news_postcourier5.png":["assets/images/news_postcourier5.png"],"assets/images/nid_card_sample.png":["assets/images/nid_card_sample.png"],"assets/images/nid_logo.png":["assets/images/nid_logo.png"],"assets/images/nid_office.png":["assets/images/nid_office.png"],"assets/images/png_map.png":["assets/images/png_map.png"],"assets/images/png_map2.png":["assets/images/png_map2.png"],"assets/images/welcome_bg.png":["assets/images/welcome_bg.png"],"packages/cupertino_icons/assets/CupertinoIcons.ttf":["packages/cupertino_icons/assets/CupertinoIcons.ttf"]}